{
  "model": "Linear SVM",
  "accuracy": 0.901174168297456,
  "f1_macro": 0.8843373407456451,
  "precision_macro": 0.891601023438339,
  "recall_macro": 0.8780886575735822,
  "tarih": "2026-05-10 19:18:14"
}