{
  "Bildirim": {
    "precision": 0.9034369885433715,
    "recall": 0.92,
    "f1-score": 0.911643270024773,
    "support": 600.0
  },
  "Diğer": {
    "precision": 0.9283387622149837,
    "recall": 0.95,
    "f1-score": 0.9390444810543658,
    "support": 600.0
  },
  "Güvenlik": {
    "precision": 0.8853754940711462,
    "recall": 0.9142857142857143,
    "f1-score": 0.8995983935742972,
    "support": 245.0
  },
  "Kişisel": {
    "precision": 0.859375,
    "recall": 0.825,
    "f1-score": 0.8418367346938775,
    "support": 200.0
  },
  "Spam": {
    "precision": 0.9337016574585635,
    "recall": 0.8492462311557789,
    "f1-score": 0.8894736842105263,
    "support": 199.0
  },
  "İş/Acil": {
    "precision": 0.8393782383419689,
    "recall": 0.81,
    "f1-score": 0.8244274809160306,
    "support": 200.0
  },
  "accuracy": 0.901174168297456,
  "macro avg": {
    "precision": 0.891601023438339,
    "recall": 0.8780886575735822,
    "f1-score": 0.8843373407456451,
    "support": 2044.0
  },
  "weighted avg": {
    "precision": 0.9009489843469138,
    "recall": 0.901174168297456,
    "f1-score": 0.9007203343214589,
    "support": 2044.0
  }
}