model,accuracy,f1_macro,precision_macro,recall_macro
Linear SVM,0.901174168297456,0.8843373407456451,0.891601023438339,0.8780886575735822
Logistic Regression,0.8855185909980431,0.8684178868873976,0.8615508204042368,0.8788160188698596
Naive Bayes,0.8542074363992173,0.8288394083576706,0.823413623808985,0.8430177246778108
XGBoost,0.8478473581213307,0.821175312623303,0.840154298978187,0.8076793263369
